email,senha
0.6122520152465517@email.com,user123
0.6216565823082029@email.com,user123
0.8824466585632718@email.com,user123
0.6037899930885372@email.com,user123
0.8674671553518164@email.com,user123
0.4342975502649675@email.com,user123
0.07947839224500095@email.com,user123
0.8958627694676736@email.com,user123
0.27760932364174457@email.com,user123
0.21640376497218725@email.com,user123
0.5478653232993644@email.com,user123
0.4347944623634481@email.com,user123
0.5552766131405024@email.com,user123
0.7420590260991689@email.com,user123
0.9418676117357045@email.com,user123
0.5917762245953069@email.com,user123
0.9529995764860798@email.com,user123
0.4678651355748864@email.com,user123
0.050967025977982444@email.com,user123
0.5268396413065096@email.com,user123
0.6170618723786693@email.com,user123
0.9918833935316188@email.com,user123
0.5552952947352116@email.com,user123
0.7911426011080553@email.com,user123
0.9982545144597211@email.com,user123
0.9486905338017355@email.com,user123
0.9317170023937871@email.com,user123
0.5615946405737082@email.com,user123
0.013596753152049747@email.com,user123
0.42264143751106564@email.com,user123
0.62244215095813@email.com,user123
0.46361271892510264@email.com,user123
0.5090950311918471@email.com,user123
0.7428725638446741@email.com,user123
0.4313232065111818@email.com,user123
0.24179581968061603@email.com,user123
0.8621904075400693@email.com,user123
0.5197649328249087@email.com,user123
0.9635504059487444@email.com,user123
0.7703592822453971@email.com,user123
0.10551656305035412@email.com,user123